[
  {
    "Id": 0,
    "Name": "Uncharted",
    "Genre": [ "Action", "Adventure" ],
    "Age": 12
  },
  {
    "Id": 1,
    "Name": "The Batman",
    "Genre": [ "Action", "Drama", "Crime" ],
    "Age": 12
  },
  {
    "Id": 2,
    "Name": "Spider-Man No Way Home",
    "Genre": [ "Action", "Adventure" ],
    "Age": 12
  },
  {
    "Id": 3,
    "Name": "Moonfall",
    "Genre": [ "Action", "Science Fiction" ],
    "Age": 12
  },
  {
    "Id": 4,
    "Name": "X",
    "Genre": [ "Horror" ],
    "Age": 16
  },
  {
    "Id": 5,
    "Name": "Ambulance",
    "Genre": [ "Action", "Thriller" ],
    "Age": 16
  },
  {
    "Id": 6,
    "Name": "Blacklight",
    "Genre": [ "Action", "Thriller" ],
    "Age": 12
  },
  {
    "Id": 7,
    "Name": "Dog",
    "Genre": [ "Drama" ],
    "Age": 12
  },
  {
    "Id": 8,
    "Name": "De Drekkies",
    "Genre": [ "Kids" ],
    "Age": 0
  },
  {
    "Id": 9,
    "Name": "Sing 2",
    "Genre": [ "Kids" ],
    "Age": 6
  }
]